Club,Pays,Coeff_club,Coeff_pays
Bayern,Allemagne,129.5,81.545
Arsenal,Angleterre,127.0,103.796
RealMadrid,Espagne,122.5,83.243
ParisSG,France,121.0,69.153
Inter,Italie,115.0,88.589
ManCity,Angleterre,106.5,103.796
Barcelone,Espagne,106.25,83.243
Liverpool,Angleterre,105.0,103.796
Dortmund,Allemagne,98.75,81.545
AtléticoMadrid,Espagne,91.75,83.243
AstonVilla,Angleterre,91.0,103.796
Roma,Italie,81.75,88.589
Porto,Portugal,76.75,65.75
Sporting,Portugal,76.0,65.75
Brugge,Belgique,74.25,59.45
Betis,Espagne,71.5,83.243
PSV,PaysBas,68.25,52.562
ManUnited,Angleterre,66.5,103.796
Naples,Italie,60.0,88.589
Fenerbahçe,Turquie,59.75,50.275
Lille,France,57.75,69.153
Shakhtar,Ukraine,57.25,24.337
Bodo/Glimt,Norvège,55.0,38.612
Feyenoord,PaysBas,53.0,52.562
RBLeipzig,Allemagne,50.0,81.545
Galatasaray,Turquie,44.5,50.275
Villarreal,Espagne,41.0,83.243
SlaviaPrague,Tchéquie,40.0,45.125
Bratislava,Slovaquie,36.0,22.375
Stuttgart,Allemagne,35.5,81.545
AEKAthènes,Grèce,30.5,45.012
Lens,France,20.5,69.153
Côme,Italie,17.717,88.589
SabahFC,Azerbaïdjan,12.0,23.687
LASK,Autriche,12.0,28.25
Viking,Norvège,10.5,38.612
