Club,Pays,Coeff_club,Coeff_pays,Elo
Bayern,Allemagne,129.5,81.545,2046
Arsenal,Angleterre,127.0,103.796,2040
RealMadrid,Espagne,122.5,83.243,1972
ParisSG,France,121.0,69.153,1956
Inter,Italie,115.0,88.589,1946
ManCity,Angleterre,106.5,103.796,2028
Barcelone,Espagne,106.25,83.243,2024
Liverpool,Angleterre,105.0,103.796,1937
Dortmund,Allemagne,98.75,81.545,1900
AtléticoMadrid,Espagne,91.75,83.243,1903
AstonVilla,Angleterre,91.0,103.796,1895
Roma,Italie,81.75,88.589,1857
Porto,Portugal,76.75,65.75,1839
Sporting,Portugal,76.0,65.75,1871
Brugge,Belgique,74.25,59.45,1809
Betis,Espagne,71.5,83.243,1818
PSV,PaysBas,68.25,52.562,1784
ManUnited,Angleterre,66.5,103.796,1879
Naples,Italie,60.0,88.589,1833
Fenerbahçe,Turquie,59.75,50.275,1780
Lille,France,57.75,69.153,1780
Shakhtar,Ukraine,57.25,24.337,1689
Bodo/Glimt,Norvège,55.0,38.612,1779
Feyenoord,PaysBas,53.0,52.562,1718
RBLeipzig,Allemagne,50.0,81.545,1816
Galatasaray,Turquie,44.5,50.275,1795
Villarreal,Espagne,41.0,83.243,1798
SlaviaPrague,Tchéquie,40.0,45.125,1762
Bratislava,Slovaquie,36.0,22.375,1554
Stuttgart,Allemagne,35.5,81.545,1818
AEKAthènes,Grèce,30.5,45.012,1704
Lens,France,20.5,69.153,1812
Côme,Italie,17.717,88.589,1806
SabahFC,Azerbaïdjan,12.0,23.687,1563
LASK,Autriche,12.0,28.25,1637
Viking,Norvège,10.5,38.612,1693
