Match_1,Match_2,Match_3,Match 4,Match_5,Match_6,Match_7,Match_8
Brugge - AstonVilla,Lens - Sporting,Fenerbahçe - SlaviaPrague,Shakhtar - Sporting,Bodo/Glimt - LASK,Villarreal - SabahFC,Bodo/Glimt - AtléticoMadrid,ParisSG - Galatasaray
AEKAthènes - LASK,SabahFC - SlaviaPrague,SabahFC - Dortmund,Galatasaray - Stuttgart,Galatasaray - AstonVilla,Viking - Feyenoord,Galatasaray - Feyenoord,Bayern - Betis
RealMadrid - Inter,Inter - Brugge,ParisSG - Barcelone,Barcelone - AstonVilla,RealMadrid - PSV,Bayern - SlaviaPrague,RealMadrid - LASK,Liverpool - Lens
Dortmund - Villarreal,Arsenal - Lille,Liverpool - Villarreal,AtléticoMadrid - Bayern,ManCity - Naples,Barcelone - ManCity,Inter - Liverpool,ManCity - Sporting
Porto - ManCity,AtléticoMadrid - ManUnited,ManCity - AEKAthènes,ManUnited - Roma,Arsenal - Dortmund,Roma - Sporting,AstonVilla - Dortmund,Arsenal - SabahFC
Lille - Betis,RBLeipzig - PSV,Roma - Bratislava,Feyenoord - Inter,Feyenoord - Porto,AstonVilla - ParisSG,Porto - SlaviaPrague,Barcelone - Côme
Barcelone - Feyenoord,Villarreal - Naples,Porto - PSV,Bodo/Glimt - Lille,RBLeipzig - Lens,ManUnited - RBLeipzig,Lille - Bratislava,AtléticoMadrid - Fenerbahçe
Stuttgart - Viking,Galatasaray - Barcelone,Naples - Bodo/Glimt,Villarreal - ParisSG,Bratislava - Betis,Naples - Brugge,Stuttgart - Brugge,Dortmund - AEKAthènes
ParisSG - Bratislava,Viking - Bayern,Stuttgart - AtléticoMadrid,LASK - Bratislava,Côme - AEKAthènes,AEKAthènes - Galatasaray,AEKAthènes - Roma,Roma - Lille
Liverpool - AtléticoMadrid,Feyenoord - Côme,Lille - Galatasaray,Fenerbahçe - Liverpool,SlaviaPrague - Villarreal,Betis - Côme,Fenerbahçe - Villarreal,Brugge - Bodo/Glimt
Sporting - Galatasaray,LASK - Liverpool,Côme - ManUnited,AEKAthènes - RealMadrid,SabahFC - Barcelone,Bratislava - Shakhtar,SabahFC - Naples,PSV - Stuttgart
Naples - Arsenal,ManCity - ParisSG,Bayern - Arsenal,Dortmund - Betis,ParisSG - Roma,Liverpool - Porto,Sporting - Barcelone,Feyenoord - RBLeipzig
PSV - Shakhtar,Roma - RealMadrid,RealMadrid - RBLeipzig,Porto - Naples,Inter - Stuttgart,Arsenal - RealMadrid,ManUnited - Bayern,Naples - Viking
Fenerbahçe - Roma,AstonVilla - Fenerbahçe,Inter - Shakhtar,PSV - Brugge,AtléticoMadrid - Viking,Dortmund - Inter,Betis - Arsenal,Villarreal - ManUnited
Bayern - Bodo/Glimt,Betis - Porto,Sporting - LASK,RBLeipzig - ManCity,Sporting - ManUnited,PSV - AtléticoMadrid,RBLeipzig - Shakhtar,Shakhtar - RealMadrid
ManUnited - SabahFC,Bodo/Glimt - Dortmund,AstonVilla - Viking,SlaviaPrague - Arsenal,Brugge - Liverpool,Stuttgart - Lille,Côme - ParisSG,SlaviaPrague - AstonVilla
SlaviaPrague - Lens,Shakhtar - AEKAthènes,Brugge - Lens,Lens - Côme,Lille - Bayern,LASK - Fenerbahçe,Lens - ManCity,Bratislava - Inter
Côme - RBLeipzig,Bratislava - Stuttgart,Betis - Feyenoord,Viking - SabahFC,Shakhtar - Fenerbahçe,Lens - Bodo/Glimt,Viking - PSV,LASK - Porto
