Club,seances_jouees,seances_gagnees,tirs_tentes,tirs_reussis
Bayern,11,7,55,43
Arsenal,13,8,63,53
RealMadrid,6,5,27,22
ParisSG,13,8,64,52
Inter,6,2,31,20
ManCity,11,8,51,42
Barcelone,2,2,9,7
Liverpool,18,10,108,83
Dortmund,10,5,43,31
AtléticoMadrid,7,3,33,23
AstonVilla,4,2,19,13
Roma,3,1,12,7
Porto,8,0,40,21
Sporting,9,8,48,40
Brugge,4,2,18,15
Betis,8,3,35,25
PSV,5,1,32,23
ManUnited,12,4,84,67
Naples,8,5,51,42
Fenerbahçe,6,3,37,25
Lille,14,7,80,56
Shakhtar,7,3,40,27
Bodo/Glimt,7,5,39,33
Feyenoord,8,6,47,37
RBLeipzig,3,1,14,12
Galatasaray,6,3,36,27
Villarreal,4,2,31,27
SlaviaPrague,1,0,5,2
Bratislava,10,3,48,31
Stuttgart,3,2,20,15
AEKAthènes,3,0,14,8
Lens,11,5,59,44
Côme,8,4,40,28
SabahFC,4,3,17,14
LASK,7,5,40,33
Viking,4,2,15,10
